"DESCRIPTION","DURATION IN MS","NAME","PARENT SUITE","START TIME","STATUS","STOP TIME","SUB SUITE","SUITE","TEST CLASS","TEST METHOD"
"","792","Mock API","Google Chrome","2026-09-14","passed","2026-09-14","","net.spec.ts","",""
"","2407","Click Radio Button menu using nth locator","Google Chrome","2026-09-10","passed","2026-09-10","","demo1.spec.ts","",""
"","22732","Double Click","Google Chrome","2026-09-10","passed","2026-09-10","","mouseactions.spec.ts","",""
"","1005","Simulate API failure","Google Chrome","2026-09-14","passed","2026-09-14","","net1.spec.ts","",""
"","8593","Select Check Box menu","Google Chrome","2026-09-14","passed","2026-09-14","","fram.spec.ts","",""
"","3713","first locator","Google Chrome","2026-09-10","passed","2026-09-10","","special_locators.spec.ts","",""
"","5429","Register without password","Google Chrome","2026-09-14","passed","2026-09-14","","demo2.spec.ts","",""
"","2722","Verify second row contains Alden in Web Tables","Google Chrome","2026-09-10","passed","2026-09-10","","demo1.spec.ts","",""
"","6123","Read text from Frame 2","Google Chrome","2026-09-15","passed","2026-09-15","","frames.spec.ts","",""
"","24048","Fill user details using placeholder locators","Google Chrome","2026-09-10","passed","2026-09-10","","demo1.spec.ts","",""
"","5364","Update user","Google Chrome","2026-09-14","passed","2026-09-14","","demo2.spec.ts","",""
"","5409","Register user","Google Chrome","2026-09-14","passed","2026-09-14","","demo2.spec.ts","",""
"","4556","Monitor API response","Google Chrome","2026-09-14","passed","2026-09-14","","net1.spec.ts","",""
"","5446","Delete user","Google Chrome","2026-09-15","passed","2026-09-15","","api.spec.ts","",""
"","19452","has title4","Google Chrome","2026-09-10","failed","2026-09-10","","demo.spec.ts","",""
"","4335","has title9","Google Chrome","2026-09-10","passed","2026-09-10","","demo.spec.ts","",""
"","5544","last locator","Google Chrome","2026-09-10","passed","2026-09-10","","special_locators.spec.ts","",""
"","1461","Mock users API","Google Chrome","2026-09-14","passed","2026-09-14","","net1.spec.ts","",""
"","22859","Click the first item from Elements menu","Google Chrome","2026-09-10","passed","2026-09-10","","demo1.spec.ts","",""
"","32445","using or()","Google Chrome","2026-09-10","passed","2026-09-10","","special_locators.spec.ts","",""
"","2600","has title","Google Chrome","2026-09-15","passed","2026-09-15","","example.spec.ts","",""
"","10844","Right Click","Google Chrome","2026-09-11","passed","2026-09-11","","mouse.spec.ts","",""
"","16906","has title3","Google Chrome","2026-09-10","passed","2026-09-10","","demo.spec.ts","",""
"","7446","Read text from both frames","Google Chrome","2026-09-14","passed","2026-09-14","","fram.spec.ts","",""
"","11297","has title2","Google Chrome","2026-09-10","passed","2026-09-10","","demo.spec.ts","",""
"","46129","keyboard actions","Google Chrome","2026-09-15","passed","2026-09-15","","keyboard.spec.ts","",""
"","9326","page.once example","Google Chrome","2026-09-14","passed","2026-09-14","","alts.spec.ts","",""
"","6356","Read text","Google Chrome","2026-09-11","passed","2026-09-11","","text.spec.ts","",""
"","11575","Double Click","Google Chrome","2026-09-11","passed","2026-09-11","","mouse.spec.ts","",""
"","63725","chaining using placeholder","Google Chrome","2026-09-10","passed","2026-09-10","","special_locators.spec.ts","",""
"","1921","authenticate","Google Chrome","2026-09-14","passed","2026-09-14","","au.setup.ts","",""
"","4891","Get all frames","Google Chrome","2026-09-14","passed","2026-09-14","","fram.spec.ts","",""
"","5803","Handle new tab","Google Chrome","2026-09-14","passed","2026-09-14","","fram.spec.ts","",""
"","3593","Handle new window","Google Chrome","2026-09-15","passed","2026-09-15","","window.spec.ts","",""
"","7609","Checkbox Example","Google Chrome","2026-09-10","passed","2026-09-10","","radio.spec.ts","",""
"","4460","Page Assertions Example","Google Chrome","2026-09-10","passed","2026-09-10","","demo2.spec.ts","",""
"","872","Mock API response","Google Chrome","2026-09-14","passed","2026-09-14","","net1.spec.ts","",""
"","6461","Frame Handling","Google Chrome","2026-09-15","passed","2026-09-15","","frames.spec.ts","",""
"","5616","Create user","Google Chrome","2026-09-15","passed","2026-09-15","","api.spec.ts","",""
"","16840","Handle prompt alert","Google Chrome","2026-09-11","passed","2026-09-11","","alts.spec.ts","",""
"","2409","has title5","Google Chrome","2026-09-10","passed","2026-09-10","","demo.spec.ts","",""
"","5738","DemoQA Timer Alert Example","Google Chrome","2026-09-15","passed","2026-09-15","","alerts.spec.ts","",""
"","2859","view products","Google Chrome","2026-09-14","passed","2026-09-14","","prd.spec.ts","",""
"","5531","GET users API","Google Chrome","2026-09-15","passed","2026-09-15","","api.spec.ts","",""
"","6772","Verify Dynamic Properties is the last visible menu item","Google Chrome","2026-09-10","passed","2026-09-10","","demo1.spec.ts","",""
"","4935","has title7","Google Chrome","2026-09-10","passed","2026-09-10","","demo.spec.ts","",""
"","15174","Dropdown By Visible Text","Google Chrome","2026-09-10","passed","2026-09-10","","radio.spec.ts","",""
"","4841","Verify last web table record contains Kierra","Google Chrome","2026-09-10","passed","2026-09-10","","demo1.spec.ts","",""
"","17306","has title","Google Chrome","2026-09-10","passed","2026-09-10","","demo.spec.ts","",""
"","7238","Modify API response","Google Chrome","2026-09-14","passed","2026-09-14","","net1.spec.ts","",""
"","4916","Read all left menu items","Google Chrome","2026-09-14","passed","2026-09-14","","fram.spec.ts","",""
"","2875","get started link","Google Chrome","2026-09-15","passed","2026-09-15","","example.spec.ts","",""
"","11748","title3","Google Chrome","2026-09-11","passed","2026-09-11","","dynamicelement.spec.ts","",""
"","2811","Force click an element covered by an overlay","Google Chrome","2026-09-10","passed","2026-09-10","","demo3.spec.ts","",""
"","2308","Verify element is hidden initially","Google Chrome","2026-09-10","passed","2026-09-10","","demo3.spec.ts","",""
"","4643","Page Assertions Example","Google Chrome","2026-09-11","passed","2026-09-11","","assertions.spec.ts","",""
"","6420","title1","Google Chrome","2026-09-11","passed","2026-09-11","","dynamicelement.spec.ts","",""
"","1302","Wait for API response","Google Chrome","2026-09-14","passed","2026-09-14","","net1.spec.ts","",""
"","4010","Verify either Name or Email textbox is visible using or()","Google Chrome","2026-09-10","passed","2026-09-10","","demo1.spec.ts","",""
"","5094","Upload file","Google Chrome","2026-09-14","passed","2026-09-14","","up.spec.ts","",""
"","48141","Generic Value Assertions Example","Google Chrome","2026-09-11","passed","2026-09-11","","assertions.spec.ts","",""
"","22765","Verify first row contains Cierra in Web Tables","Google Chrome","2026-09-10","passed","2026-09-10","","demo1.spec.ts","",""
"","5610","should allow adding an item to the cart","Google Chrome","2026-09-11","passed","2026-09-11","","inventory.spec.ts","",""
"","9364","Handle confirm alert","Google Chrome","2026-09-11","passed","2026-09-11","","alts.spec.ts","",""
"","7199","has title1","Google Chrome","2026-09-10","failed","2026-09-10","","demo.spec.ts","",""
"","5555","Delete user","Google Chrome","2026-09-14","passed","2026-09-14","","demo2.spec.ts","",""
"","4367","Read all menu items from left navigation","Google Chrome","2026-09-15","passed","2026-09-15","","demo3.spec.ts","",""
"","4167","Locator Content & Text Assertions Example","Google Chrome","2026-09-10","passed","2026-09-10","","demo2.spec.ts","",""
"","4398","Locator State Assertions Example","Google Chrome","2026-09-10","passed","2026-09-10","","demo2.spec.ts","",""
"","9202","select Male using filter","Google Chrome","2026-09-10","passed","2026-09-10","","demo.spec.ts","",""
"","4999","DemoQA Radio Button Selection Assertions","Google Chrome","2026-09-10","passed","2026-09-10","","demo2.spec.ts","",""
"","4673","Upload file","Google Chrome","2026-09-15","passed","2026-09-15","","filehandling.spec.ts","",""
"","6659","Mouse Hover","Google Chrome","2026-09-13","passed","2026-09-13","","mous.spec.ts","",""
"","7244","Frame Handling","Google Chrome","2026-09-14","passed","2026-09-14","","fram.spec.ts","",""
"","6373","Block API request","Google Chrome","2026-09-14","passed","2026-09-14","","net1.spec.ts","",""
"","2811","Fill name and email using combined locators with and()","Google Chrome","2026-09-10","passed","2026-09-10","","demo1.spec.ts","",""
"","28782","Mouse Hover","Google Chrome","2026-09-10","passed","2026-09-10","","mouseactions.spec.ts","",""
"","7246","Read text from Frame 2","Google Chrome","2026-09-14","passed","2026-09-14","","fram.spec.ts","",""
"","8354","Wait for dynamically hidden element to appear","Google Chrome","2026-09-10","passed","2026-09-10","","demo3.spec.ts","",""
"","6687","Get all frames","Google Chrome","2026-09-15","passed","2026-09-15","","frames.spec.ts","",""
"","4680","Verify Downloads checkbox is checked","Google Chrome","2026-09-10","passed","2026-09-10","","radio.spec.ts","",""
"","4846","Wait for response","Google Chrome","2026-09-14","passed","2026-09-14","","net.spec.ts","",""
"","24528","Select Male gender using filter locator","Google Chrome","2026-09-10","passed","2026-09-10","","demo1.spec.ts","",""
"","8728","Interact with both frames on DemoQA","Google Chrome","2026-09-14","passed","2026-09-14","","fram.spec.ts","",""
"","11065","title3","Google Chrome","2026-09-10","passed","2026-09-10","","demo3.spec.ts","",""
"","11275","title2","Google Chrome","2026-09-11","passed","2026-09-11","","dynamicelement.spec.ts","",""
"","1024","Monitor API request","Google Chrome","2026-09-14","passed","2026-09-14","","net1.spec.ts","",""
"","19436","DemoQA Radio Button Selection Assertions","Google Chrome","2026-09-11","passed","2026-09-11","","assertions.spec.ts","",""
"","9528","Interact with Expand Testing Shadow DOM using user-facing locators","Google Chrome","2026-09-10","passed","2026-09-10","","demo3.spec.ts","",""
"","2049","Generic Value Assertions Example","Google Chrome","2026-09-10","passed","2026-09-10","","demo2.spec.ts","",""
"","5357","Keyboard Actions","Google Chrome","2026-09-14","passed","2026-09-14","","key.spec.ts","",""
"","9109","Mouse Hover","Google Chrome","2026-09-11","passed","2026-09-11","","mouse.spec.ts","",""
"","10266","Drag And Drop","Google Chrome","2026-09-14","passed","2026-09-14","","key.spec.ts","",""
"","5573","User not found","Google Chrome","2026-09-14","passed","2026-09-14","","demo2.spec.ts","",""
"","6578","Interact with both frames on DemoQA","Google Chrome","2026-09-15","passed","2026-09-15","","frames.spec.ts","",""
"","26430","chaining using filter","Google Chrome","2026-09-10","passed","2026-09-10","","special_locators.spec.ts","",""
"","5487","Download file","Google Chrome","2026-09-14","passed","2026-09-14","","up.spec.ts","",""
"","5401","Login","Google Chrome","2026-09-14","passed","2026-09-14","","demo2.spec.ts","",""
"","5065","Handling a new tab on DemoQA","Google Chrome","2026-09-15","passed","2026-09-15","","window.spec.ts","",""
"","5518","GET users API","Google Chrome","2026-09-14","passed","2026-09-14","","demo2.spec.ts","",""
"","3575","Locator State Assertions Example","Google Chrome","2026-09-11","passed","2026-09-11","","assertions.spec.ts","",""
"","6432","title1","Google Chrome","2026-09-10","passed","2026-09-10","","demo3.spec.ts","",""
"","4556","DemoQA Simple Alert Example","Google Chrome","2026-09-15","passed","2026-09-15","","alerts.spec.ts","",""
"","5624","Partial Update user","Google Chrome","2026-09-15","passed","2026-09-15","","api.spec.ts","",""
"","5458","Download file","Google Chrome","2026-09-14","passed","2026-09-14","","demo1.spec.ts","",""
"","5128","should display products on inventory page","Google Chrome","2026-09-11","passed","2026-09-11","","inventory.spec.ts","",""
"","4728","Upload file","Google Chrome","2026-09-14","passed","2026-09-14","","demo1.spec.ts","",""
"","5627","DemoQA Confirmation Box - Dismiss Example","Google Chrome","2026-09-15","passed","2026-09-15","","alerts.spec.ts","",""
"","3806","Capture API request","Google Chrome","2026-09-14","passed","2026-09-14","","net.spec.ts","",""
"","7377","Handle simple alert","Google Chrome","2026-09-11","passed","2026-09-11","","alts.spec.ts","",""
"","5424","Partial Update user","Google Chrome","2026-09-14","passed","2026-09-14","","demo2.spec.ts","",""
"","3064","DemoQA Practice Form Checkbox Assertions","Google Chrome","2026-09-10","passed","2026-09-10","","demo2.spec.ts","",""
"","4949","Download file","Google Chrome","2026-09-15","passed","2026-09-15","","filehandling.spec.ts","",""
"","5876","DemoQA Practice Form Checkbox Assertions","Google Chrome","2026-09-11","passed","2026-09-11","","assertions.spec.ts","",""
"","15600","Basic Drag and Drop using dragTo on DemoQA","Google Chrome","2026-09-15","passed","2026-09-15","","keyboard.spec.ts","",""
"","2200","has title6","Google Chrome","2026-09-10","passed","2026-09-10","","demo.spec.ts","",""
"","11383","title2","Google Chrome","2026-09-10","passed","2026-09-10","","demo3.spec.ts","",""
"","3945","Handle new window","Google Chrome","2026-09-14","passed","2026-09-14","","fram.spec.ts","",""
"","5392","Create user","Google Chrome","2026-09-14","passed","2026-09-14","","demo2.spec.ts","",""
"","38328","Locator Content & Text Assertions Example","Google Chrome","2026-09-11","passed","2026-09-11","","assertions.spec.ts","",""
"","5688","Update user","Google Chrome","2026-09-15","passed","2026-09-15","","api.spec.ts","",""
"","5429","Capture API response","Google Chrome","2026-09-14","passed","2026-09-14","","net.spec.ts","",""
"","3597","has title8","Google Chrome","2026-09-10","passed","2026-09-10","","demo.spec.ts","",""
"","4063","Click Check Box from left navigation","Google Chrome","2026-09-15","passed","2026-09-15","","demo3.spec.ts","",""
"","28241","Right Click","Google Chrome","2026-09-10","passed","2026-09-10","","mouseactions.spec.ts","",""
"","18208","Radio Button Example","Google Chrome","2026-09-10","passed","2026-09-10","","radio.spec.ts","",""
"","7062","Interact with Expand Testing Shadow DOM using user-facing locators","Google Chrome","2026-09-11","passed","2026-09-11","","shadowdom.spec.ts","",""
